1+UINT16+0,2+UINT16+0,3+UINT16+0,4+UINT16+0,5+UINT16+0,6+UINT16+0,7+UINT16+0,8+UINT16+0,9+UINT16+0,10+UINT16+0,11+UINT16+0
12+UINT16+0,13+UINT16+0,14+UINT16+0,15+UINT16+0,16+UINT16+0,17+UINT16+0,18+UINT16+0,19+UINT16+0,20+UINT16+0,21+UINT16+0,22+UINT16+0
23+UINT16+0,24+UINT16+0,25+UINT16+0,26+UINT16+0,27+UINT16+0,28+UINT16+0,29+UINT16+0,30+UINT16+0,31+UINT16+0,32+UINT16+0,33+UINT16+0
34+UINT16+0,35+UINT16+0,36+UINT16+0,37+UINT16+0,38+UINT16+0,39+UINT16+0,40+UINT16+0,41+UINT16+0,42+UINT16+0,43+UINT16+0,44+UINT16+0
45+UINT16+0,46+UINT16+0,47+UINT16+0,48+UINT16+0,49+UINT16+0,50+UINT16+0,51+UINT16+0,52+UINT16+0,53+UINT16+0,54+UINT16+0,55+UINT16+0
56+UINT16+0,57+UINT16+0,58+UINT16+0,59+UINT16+0,60+UINT16+0,61+UINT16+0,62+UINT16+0,63+UINT16+0,64+UINT16+0,65+UINT16+0,66+UINT16+0
67+UINT16+0,68+UINT16+0,69+UINT16+0,70+UINT16+0,71+UINT16+0,72+UINT16+0,73+UINT16+0,74+UINT16+0,75+UINT16+0,76+UINT16+0,77+UINT16+0
78+UINT16+0,79+UINT16+0,80+UINT16+0,81+UINT16+0,82+UINT16+0,83+UINT16+0,84+UINT16+0,85+UINT16+0,86+UINT16+0,87+UINT16+0,88+UINT16+0
89+UINT16+0,90+UINT16+0,91+UINT16+0,92+UINT16+0,93+UINT16+0,94+UINT16+0,95+UINT16+0,96+UINT16+0,97+UINT16+0,98+UINT16+0,99+UINT16+0
100+UINT16+0,101+UINT16+0,102+UINT16+0,103+UINT16+0,104+UINT16+0,105+UINT16+0,106+UINT16+0,107+UINT16+0,108+UINT16+0,109+UINT16+0,110+UINT16+0
111+UINT16+0,112+UINT16+0,113+UINT16+0,114+UINT16+0,115+UINT16+0,116+UINT16+0,117+UINT16+0,118+UINT16+0,119+UINT16+0,120+UINT16+0,121+UINT16+0

